116,House,20301,41,3,AL,200,,,"ROGERS, Mike Dennis",R000575,1958,,0.353,0.459,-157.12696,0.78556,651,64,,0.52,0.347
116,House,21102,41,7,AL,100,,,"SEWELL, Terri",S001185,1965,,-0.391,0.402,-26.01682,0.96146,662,11,,-0.435,0.395
116,House,21192,41,2,AL,200,,,"ROBY, Martha",R000591,1976,,0.361,0.656,-86.62113,0.87433,645,30,,0.341,0.673
116,House,21193,41,5,AL,200,,,"BROOKS, Mo",B001274,1954,,0.647,-0.446,-124.8036,0.83187,678,50,,0.786,-0.368
116,House,21376,41,1,AL,200,,,"BYRNE, Bradley",B001289,1955,,0.611,0.244,-101.0176,0.8483,614,40,,0.707,0.167
116,House,21500,41,6,AL,200,,,"PALMER, Gary James",P000609,1954,,0.71,-0.047,-96.20982,0.86843,682,41,,0.667,0.058
116,House,29701,41,4,AL,200,,,"ADERHOLT, Robert",A000055,1965,,0.367,0.595,-104.19126,0.85189,650,37,,0.437,0.683
116,House,14066,81,1,AK,200,,,"YOUNG, Donald Edwin",Y000033,1933,,0.284,0.021,-200.68153,0.73781,660,74,,0.348,0.055
116,House,20305,61,3,AZ,100,,,"GRIJALVA, Raúl M.",G000551,1948,,-0.599,-0.256,-20.78217,0.96824,644,8,,-0.575,-0.62
116,House,20902,61,2,AZ,100,,,"KIRKPATRICK, Ann",K000368,1950,,-0.163,-0.006,-40.94177,0.93318,592,17,,-0.362,0.422
116,House,21103,61,4,AZ,200,,,"GOSAR, Paul",G000565,1958,,0.676,-0.419,-111.88841,0.84052,644,44,,0.919,-0.395
116,House,21105,61,6,AZ,200,,,"SCHWEIKERT, David",S001183,1962,,0.59,-0.324,-186.7479,0.76047,682,88,,0.518,-0.306
116,House,21502,61,7,AZ,100,,,"GALLEGO, Ruben",G000574,1979,,-0.452,-0.02,-17.51147,0.97428,672,9,,-0.453,0.015
116,House,21705,61,5,AZ,200,,,"BIGGS, Andrew S.",B001302,1958,,0.882,-0.471,-89.8975,0.87444,670,29,,1.0,-0.03
116,House,21739,61,1,AZ,100,,,"O'HALLERAN, Thomas C.",O000171,1946,,-0.186,0.153,-36.33205,0.94782,678,13,,-0.338,0.436
116,House,21757,61,8,AZ,200,,,"LESKO, Debbie",L000589,1958,,0.608,-0.036,-96.20971,0.86661,672,45,,0.593,0.008
116,House,21968,61,9,AZ,100,,,"STANTON, Greg",S001211,1970,,-0.31,-0.085,-15.9095,0.97694,682,5,,-0.31,-0.085
116,House,21106,42,1,AR,200,,,"CRAWFORD, Rick",C001087,1966,,0.409,0.494,-75.17534,0.88701,627,35,,0.501,0.549
116,House,21108,42,3,AR,200,,,"WOMACK, Steve",W000809,1957,,0.354,0.589,-57.27193,0.91968,684,20,,0.373,0.658
116,House,21503,42,2,AR,200,,,"HILL, French",H001072,1956,,0.454,0.229,-79.52352,0.88963,680,29,,0.417,0.361
116,House,21563,42,4,AR,200,,,"WESTERMAN, Bruce Eugene",W000821,1967,,0.548,0.355,-66.32439,0.90615,673,24,,0.546,0.504
116,House,15448,71,12,CA,100,,,"PELOSI, Nancy",P000197,1940,,-0.49,-0.206,-0.471,0.98959,45,0,,-0.389,0.136
116,House,20104,71,28,CA,100,,,"SCHIFF, Adam",S001150,1960,,-0.349,-0.128,-11.36645,0.98347,682,2,,-0.415,-0.01
116,House,20108,71,53,CA,100,,,"DAVIS, Susan A.",D000598,1944,,-0.343,-0.106,-10.30817,0.98484,675,1,,-0.371,-0.06
116,House,20307,71,22,CA,200,,,"NUNES, Devin",N000181,1973,,0.449,0.213,-69.58056,0.9026,679,25,,0.458,0.4
116,House,20310,71,38,CA,100,,,"SÁNCHEZ, Linda T.",S001156,1969,,-0.508,-0.137,-12.04327,0.982,663,5,,-0.513,-0.038
116,House,20501,71,16,CA,100,,,"COSTA, Jim",C001059,1952,,-0.191,0.468,-83.31967,0.88404,676,32,,-0.389,0.837
116,House,20538,71,6,CA,100,,,"MATSUI, Doris",M001163,1944,,-0.434,-0.161,-26.83198,0.96114,677,9,,-0.388,0.121
116,House,20702,71,9,CA,100,,,"McNERNEY, Jerry",M001166,1951,,-0.261,-0.15,-15.06303,0.97744,660,5,,-0.399,-0.176
116,House,20703,71,23,CA,200,,,"MCCARTHY, Kevin",M001165,1965,,0.459,0.21,-85.92781,0.87997,672,39,,0.428,0.345
116,House,20762,71,14,CA,100,,,"SPEIER, Karen Lorraine Jacqueline (Jackie)",S001175,1950,,-0.381,-0.448,-36.93493,0.94468,649,8,,-0.292,-0.257
116,House,20903,71,4,CA,200,,,"McCLINTOCK, Tom",M001177,1956,,0.719,-0.472,-157.50077,0.79023,669,89,,0.642,-0.367
116,House,20955,71,27,CA,100,,,"CHU, Judy",C001080,1953,,-0.487,-0.376,-11.52382,0.98324,682,4,,-0.42,-0.412
116,House,20958,71,3,CA,100,,,"GARAMENDI, John",G000559,1945,,-0.309,-0.095,-27.04279,0.96056,672,6,,-0.299,-0.066
116,House,20963,71,50,CA,200,,,"HUNTER, Duncan Duane",H001048,1976,,0.539,0.085,-124.54558,0.79736,550,57,,0.637,-0.1
116,House,21110,71,37,CA,100,,,"BASS, Karen",B001270,1953,,-0.585,-0.106,-15.51946,0.97615,643,8,,-0.571,-0.435
116,House,21302,71,1,CA,200,,,"LaMALFA, Doug",L000578,1960,,0.537,0.104,-102.56244,0.85648,662,44,,0.514,0.141
116,House,21303,71,2,CA,100,,,"HUFFMAN, Jared",H001068,1964,,-0.426,-0.546,-22.82139,0.96596,659,7,,-0.395,-0.662
116,House,21304,71,7,CA,100,,,"BERA, Ami",B001287,1965,,-0.231,0.014,-26.06301,0.96256,683,11,,-0.355,0.305
116,House,21305,71,8,CA,200,,,"COOK, Paul",C001094,1943,,0.376,0.201,-97.25756,0.86526,672,39,,0.33,0.352
116,House,21306,71,15,CA,100,,,"SWALWELL, Eric",S001193,1980,,-0.368,-0.106,-19.23135,0.96219,499,7,,-0.518,0.272
116,House,21308,71,26,CA,100,,,"BROWNLEY, Julia",B001285,1952,,-0.286,0.051,-27.61174,0.95969,671,12,,-0.362,0.194
116,House,21309,71,29,CA,100,,,"CÁRDENAS, Tony",C001097,1963,,-0.383,0.021,-24.41688,0.96313,650,12,,-0.513,0.076
116,House,21311,71,36,CA,100,,,"RUIZ, Raul",R000599,1972,,-0.242,0.062,-36.38124,0.9482,684,15,,-0.388,0.247
116,House,21312,71,41,CA,100,,,"TAKANO, Mark",T000472,1960,,-0.463,-0.259,-13.88032,0.97947,669,5,,-0.387,-0.336
116,House,21313,71,47,CA,100,,,"LOWENTHAL, Alan",L000579,1941,,-0.45,-0.37,-11.85083,0.9828,683,3,,-0.471,-0.53
116,House,21314,71,51,CA,100,,,"VARGAS, Juan",V000130,1961,,-0.398,0.104,-26.63616,0.96079,666,9,,-0.526,-0.195
116,House,21315,71,52,CA,100,,,"PETERS, Scott",P000608,1958,,-0.178,-0.048,-56.08707,0.919,664,24,,-0.212,0.166
116,House,21504,71,11,CA,100,,,"DESAULNIER, Mark James",D000623,1952,,-0.529,-0.36,-9.87582,0.9856,681,3,,-0.443,-0.544
116,House,21506,71,31,CA,100,,,"AGUILAR, Peter Rey",A000371,1979,,-0.291,0.135,-46.00823,0.93439,678,18,,-0.478,0.428
116,House,21507,71,33,CA,100,,,"LIEU, Ted",L000582,1969,,-0.371,-0.265,-20.33136,0.96934,653,6,,-0.624,-0.335
116,House,21508,71,35,CA,100,,,"TORRES, Norma Judith",T000474,1965,,-0.36,0.021,-24.06583,0.96487,673,9,,-0.403,-0.058
116,House,21703,71,44,CA,100,,,"BARRAGÁN, Nanette Diaz",B001300,1976,,-0.51,0.065,-16.5876,0.97565,673,9,,-0.482,-0.454
116,House,21709,71,24,CA,100,,,"CARBAJAL, Salud",C001112,1964,,-0.3,0.139,-15.50243,0.97759,684,3,,-0.37,0.026
116,House,21711,71,46,CA,100,,,"CORREA, Jose Luis",C001110,1958,,-0.279,0.32,-51.62785,0.92594,671,25,,-0.316,0.174
116,House,21728,71,17,CA,100,,,"KHANNA, Rohit",K000389,1976,,-0.586,-0.204,-25.76213,0.96293,682,6,,-0.333,-0.543
116,House,21740,71,20,CA,100,,,"PANETTA, James Varni",P000613,1969,,-0.304,0.043,-35.14679,0.94991,684,15,,-0.291,0.234
116,House,21754,71,34,CA,100,,,"GOMEZ, Jimmy",G000585,1974,,-0.593,-0.071,-20.72164,0.96986,677,11,,-0.424,-0.455
116,House,21907,71,39,CA,100,,,"CISNEROS, Gil",C001123,1972,,-0.366,0.569,-44.64069,0.93664,682,16,,-0.366,0.569
116,House,21909,71,21,CA,100,,,"COX, TJ",C001124,1963,,-0.325,0.428,-41.156,0.94076,674,12,,-0.325,0.428
116,House,21930,71,10,CA,100,,,"HARDER, Josh",H001090,1986,,-0.373,0.769,-57.33305,0.9188,677,14,,-0.373,0.769
116,House,21932,71,25,CA,100,,,"HILL, Katie",H001087,1987,,-0.306,0.114,-20.26703,0.96104,510,8,,-0.305,0.113
116,House,21939,71,49,CA,100,,,"LEVIN, Mike",L000593,1978,,-0.386,0.099,-15.84492,0.9771,684,4,,-0.386,0.099
116,House,21954,71,45,CA,100,,,"PORTER, Katie",P000618,1974,,-0.173,0.083,-80.5726,0.88685,671,32,,-0.173,0.083
116,House,21960,71,48,CA,100,,,"ROUDA, Harley",R000616,1961,,-0.327,0.537,-37.42985,0.94551,668,10,,-0.327,0.537
116,House,29106,71,43,CA,100,,,"WATERS, Maxine",W000187,1938,,-0.653,-0.072,-52.54312,0.92522,676,17,,-0.559,0.418
116,House,29312,71,18,CA,100,,,"ESHOO, Anna Georges",E000215,1942,,-0.381,-0.427,-11.79998,0.98233,662,6,,-0.36,-0.229
116,House,29317,71,40,CA,100,,,"ROYBAL-ALLARD, Lucille",R000486,1941,,-0.47,-0.189,-9.52924,0.98596,674,4,,-0.433,-0.173
116,House,29323,71,42,CA,200,,,"CALVERT, Ken",C000059,1953,,0.349,0.22,-73.47863,0.89729,678,23,,0.313,0.578
116,House,29504,71,19,CA,100,,,"LOFGREN, Zoe",L000397,1947,,-0.402,-0.445,-24.95338,0.96333,668,8,,-0.53,-0.339
116,House,29707,71,30,CA,100,,,"SHERMAN, Brad",S000344,1954,,-0.342,-0.147,-16.65859,0.97541,669,9,,-0.436,0.077
116,House,29778,71,13,CA,100,,,"LEE, Barbara",L000551,1946,,-0.682,-0.587,-19.21731,0.97205,678,6,,-0.545,-0.774
116,House,29901,71,5,CA,100,,,"THOMPSON, Michael",T000460,1951,,-0.395,0.065,-34.62047,0.94942,667,17,,-0.432,0.446
116,House,29903,71,32,CA,100,,,"NAPOLITANO, Grace Flores",N000179,1936,,-0.448,-0.249,-16.953,0.97545,682,9,,-0.463,-0.278
116,House,20704,62,5,CO,200,,,"LAMBORN, Doug",L000564,1954,,0.678,0.202,-66.57321,0.90555,671,28,,0.624,0.322
116,House,20705,62,7,CO,100,,,"PERLMUTTER, Ed",P000593,1953,,-0.281,0.076,-25.38938,0.96134,644,9,,-0.278,-0.06
116,House,21111,62,3,CO,200,,,"TIPTON, Scott",T000470,1956,,0.447,-0.02,-110.47004,0.85046,682,44,,0.426,0.044
116,House,21510,62,4,CO,200,,,"BUCK, Kenneth Robert",B001297,1959,,0.754,-0.458,-99.36126,0.84428,587,42,,0.735,-0.399
116,House,21912,62,6,CO,100,,,"CROW, Jason",C001121,1979,,-0.27,0.406,-40.49863,0.94243,683,12,,-0.27,0.406
116,House,21948,62,2,CO,100,,,"NEGUSE, Joseph",N000191,1984,,-0.437,-0.517,-13.01655,0.98112,683,4,,-0.437,-0.517
116,House,29710,62,1,CO,100,,,"DeGETTE, Diana",D000197,1957,,-0.432,-0.315,-13.04155,0.98106,682,4,,-0.407,-0.454
116,House,20706,1,2,CT,100,,,"COURTNEY, Joe",C001069,1953,,-0.344,0.016,-17.40054,0.97485,683,3,,-0.375,-0.017
116,House,20907,1,4,CT,100,,,"HIMES, James A.",H001047,1966,,-0.242,-0.24,-36.96015,0.94656,673,14,,-0.312,0.133
116,House,21931,1,5,CT,100,,,"HAYES, Jahana",H001081,1973,,-0.347,-0.035,-17.14975,0.97404,652,4,,-0.347,-0.035
116,House,29109,1,3,CT,100,,,"DeLAURO, Rosa L.",D000216,1943,,-0.416,-0.12,-14.40771,0.97837,659,5,,-0.387,-0.067
116,House,29908,1,1,CT,100,,,"LARSON, John B.",L000557,1948,,-0.398,-0.053,-12.18152,0.98219,678,4,,-0.357,-0.018
116,House,21706,11,1,DE,100,,,"BLUNT ROCHESTER, Lisa",B001303,1962,,-0.328,-0.117,-13.13779,0.98092,682,3,,-0.384,-0.15
116,House,20316,43,25,FL,200,,,"DIAZ-BALART, Mario",D000600,1961,,0.278,0.119,-122.16828,0.83511,678,48,,0.279,0.228
116,House,20504,43,23,FL,100,,,"WASSERMAN SCHULTZ, Debbie",W000797,1966,,-0.421,0.067,-22.61159,0.96647,663,5,,-0.349,0.079
116,House,20708,43,14,FL,100,,,"CASTOR, Kathy",C001066,1966,,-0.438,0.046,-12.78184,0.98141,681,3,,-0.396,-0.075
116,House,20709,43,16,FL,200,,,"BUCHANAN, Vernon G.",B001260,1951,,0.359,-0.135,-125.99431,0.82717,664,53,,0.351,-0.022
116,House,20758,43,12,FL,200,,,"BILIRAKIS, Gus",B001257,1963,,0.404,0.016,-114.76081,0.84018,659,54,,0.412,-0.036
116,House,20909,43,8,FL,200,,,"POSEY, Bill",P000599,1947,,0.517,-0.32,-169.32731,0.77639,669,81,,0.529,-0.333
116,House,20959,43,22,FL,100,,,"DEUTCH, Theodore E. (Ted)",D000610,1966,,-0.4,-0.096,-16.00255,0.97629,667,5,,-0.379,0.034
116,House,21116,43,11,FL,200,,,"WEBSTER, Daniel A.",W000806,1949,,0.509,-0.051,-142.91135,0.80043,642,76,,0.574,-0.19
116,House,21118,43,24,FL,100,,,"WILSON, Frederica",W000808,1942,,-0.476,-0.015,-8.91139,0.98557,613,3,,-0.543,0.003
116,House,21317,43,3,FL,200,,,"YOHO, Ted",Y000065,1955,,0.704,-0.361,-121.02795,0.82318,622,53,,0.716,-0.323
116,House,21321,43,21,FL,100,,,"FRANKEL, Lois",F000462,1948,,-0.399,-0.084,-17.75849,0.97284,645,8,,-0.33,-0.027
116,House,21712,43,13,FL,100,,,"CRIST, Charlie Joseph Jr.",C001111,1956,,-0.219,0.026,-29.34254,0.95789,682,14,,-0.278,0.237
116,House,21713,43,10,FL,100,,,"DEMINGS, Valdez Butler",D000627,1957,,-0.34,-0.14,-19.99667,0.97106,681,8,,-0.307,0.049
116,House,21714,43,2,FL,200,,,"DUNN, Neal Patrick",D000628,1953,,0.533,0.2,-118.08598,0.83885,672,56,,0.547,0.137
116,House,21719,43,1,FL,200,,,"GAETZ, Matthew L. II",G000578,1982,,0.621,-0.574,-186.50108,0.73397,603,88,,0.59,-0.631
116,House,21732,43,5,FL,100,,,"LAWSON, Alfred Jr.",L000586,1948,,-0.253,0.082,-30.02606,0.95559,661,13,,-0.246,0.077
116,House,21735,43,18,FL,200,,,"MAST, Brian Jeffery",M001199,1980,,0.412,-0.294,-185.83663,0.75134,650,77,,0.447,-0.358
116,House,21738,43,7,FL,100,,,"MURPHY, Stephanie",M001202,1978,,-0.155,0.069,-73.71101,0.8977,683,28,,-0.173,0.232
116,House,21742,43,19,FL,200,,,"ROONEY, Francis",R000607,1953,,0.508,-0.519,-254.83028,0.60131,501,128,,0.493,-0.67
116,House,21744,43,4,FL,200,,,"RUTHERFORD, John Henry",R000609,1952,,0.399,0.159,-148.96497,0.7985,662,61,,0.436,-0.025
116,House,21746,43,9,FL,100,,,"SOTO, Darren Michael",S001200,1978,,-0.38,0.118,-15.08152,0.978,678,5,,-0.368,-0.042
116,House,21947,43,26,FL,100,,,"MUCARSEL-POWELL, Debbie",M001207,1971,,-0.347,0.288,-29.93708,0.95687,679,18,,-0.347,0.288
116,House,21963,43,27,FL,100,,,"SHALALA, Donna",S001206,1941,,-0.368,-0.049,-12.77024,0.98142,681,3,,-0.368,-0.049
116,House,21967,43,15,FL,200,,,"SPANO, Ross",S001210,1966,,0.453,0.002,-100.81532,0.86221,680,35,,0.453,0.001
116,House,21971,43,17,FL,200,,,"STEUBE, William",S001214,1978,,0.655,-0.325,-120.31661,0.83472,666,57,,0.654,-0.324
116,House,21981,43,6,FL,200,,,"WALTZ, Michael",W000823,1974,,0.404,-0.149,-124.3266,0.82566,649,60,,0.398,-0.132
116,House,29337,43,20,FL,100,,,"HASTINGS, Alcee Lamar",H000324,1936,,-0.564,0.158,-13.29626,0.97355,496,4,,-0.488,0.226
116,House,15431,44,5,GA,100,,,"LEWIS, John R.",L000287,1940,,-0.589,-0.221,-10.89936,0.98191,597,5,,-0.447,-0.139
116,House,20321,44,13,GA,100,,,"SCOTT, David",S001157,1945,,-0.301,0.163,-20.46037,0.97019,676,4,,-0.392,0.109
116,House,20712,44,4,GA,100,,,"JOHNSON, Hank",J000288,1954,,-0.468,0.01,-26.43059,0.96166,676,8,,-0.397,-0.18
116,House,20962,44,14,GA,200,,,"GRAVES, Tom",G000560,1970,,0.722,-0.005,-100.87196,0.85787,658,33,,0.681,0.129
116,House,21122,44,7,GA,200,,,"WOODALL, Rob",W000810,1970,,0.598,-0.194,-124.23986,0.83166,674,54,,0.506,0.057
116,House,21123,44,8,GA,200,,,"SCOTT, Austin",S001189,1969,,0.569,0.181,-88.76175,0.87763,680,32,,0.565,0.264
116,House,21323,44,9,GA,200,,,"COLLINS, Doug",C001093,1966,,0.61,0.118,-77.14755,0.88661,641,30,,0.593,0.272
116,House,21513,44,1,GA,200,,,"CARTER, Buddy",C001103,1957,,0.581,0.258,-84.24628,0.88348,680,31,,0.598,0.159
116,House,21514,44,10,GA,200,,,"HICE, Jody Brownlow",H001071,1960,,0.79,-0.112,-75.48327,0.89099,654,35,,0.856,-0.052
116,House,21515,44,11,GA,200,,,"LOUDERMILK, Barry D.",L000583,1963,,0.688,-0.007,-75.67816,0.88698,631,28,,0.711,0.161
116,House,21516,44,12,GA,200,,,"ALLEN, Rick W.",A000372,1951,,0.677,0.305,-86.18068,0.88146,683,35,,0.762,0.387
116,House,21717,44,3,GA,200,,,"FERGUSON, Anderson Drew IV",F000465,1967,,0.624,0.151,-97.61377,0.86609,679,41,,0.667,0.18
116,House,21944,44,6,GA,100,,,"McBATH, Lucy",M001208,1960,,-0.259,0.325,-42.3108,0.93985,682,14,,-0.259,0.325
116,House,29339,44,2,GA,100,,,"BISHOP, Sanford Dixon, Jr.",B000490,1947,,-0.282,0.464,-52.90067,0.92375,667,28,,-0.339,0.285
116,House,20322,82,1,HI,100,,,"CASE, Ed",C001055,1952,,-0.2,-0.13,-40.58204,0.94223,682,13,,-0.205,0.028
116,House,21324,82,2,HI,100,,,"GABBARD, Tulsi",G000571,1981,,-0.279,-0.256,-11.38726,0.97227,405,3,,-0.36,-0.579
116,House,21920,63,1,ID,200,,,"FULCHER, Russell",F000469,1973,,0.618,0.065,-86.33227,0.88011,676,36,,0.616,0.07
116,House,29910,63,2,ID,200,,,"SIMPSON, Michael K.",S001148,1950,,0.296,0.283,-170.2836,0.77199,658,67,,0.332,0.259
116,House,20508,21,3,IL,100,,,"LIPINSKI, Daniel",L000563,1966,,-0.229,0.178,-82.78643,0.88328,667,23,,-0.153,0.05
116,House,20749,21,11,IL,100,,,"FOSTER, Bill",F000454,1955,,-0.228,-0.228,-22.37849,0.9672,671,5,,-0.441,0.065
116,House,20954,21,5,IL,100,,,"QUIGLEY, Mike",Q000023,1958,,-0.321,-0.282,-16.597,0.9756,672,5,,-0.368,-0.124
116,House,21128,21,16,IL,200,,,"KINZINGER, Adam",K000378,1978,,0.274,0.309,-120.96716,0.82704,637,53,,0.296,0.216
116,House,21326,21,10,IL,100,,,"SCHNEIDER, Brad",S001190,1961,,-0.172,-0.203,-27.31145,0.96069,681,6,,-0.311,0.013
116,House,21328,21,13,IL,200,,,"DAVIS, Rodney",D000619,1970,,0.281,0.165,-106.66332,0.85119,662,36,,0.241,0.334
116,House,21329,21,17,IL,100,,,"BUSTOS, Cheri",B001286,1961,,-0.238,0.035,-20.74878,0.97012,684,6,,-0.316,0.211
116,House,21371,21,2,IL,100,,,"KELLY, Robin L.",K000385,1956,,-0.459,-0.002,-21.38249,0.96909,681,10,,-0.412,0.041
116,House,21519,21,12,IL,200,,,"BOST, Mike",B001295,1960,,0.27,0.505,-72.24036,0.88674,601,28,,0.29,0.462
116,House,21562,21,18,IL,200,,,"LaHOOD, Darin",L000585,1968,,0.463,0.158,-78.82953,0.88677,656,29,,0.473,0.31
116,House,21730,21,8,IL,100,,,"KRISHNAMOORTHI, S. Raja",K000391,1973,,-0.312,-0.104,-30.06372,0.95681,681,13,,-0.329,0.16
116,House,21906,21,6,IL,100,,,"CASTEN, Sean",C001117,1971,,-0.406,0.243,-27.1144,0.96108,683,9,,-0.406,0.243
116,House,21921,21,4,IL,100,,,"GARCÍA, Jesús",G000586,1956,,-0.54,-0.556,-15.16232,0.97792,679,4,,-0.541,-0.556
116,House,21979,21,14,IL,100,,,"UNDERWOOD, Lauren",U000040,1986,,-0.568,0.638,-41.18543,0.94106,678,12,,-0.568,0.638
116,House,29346,21,1,IL,100,,,"RUSH, Bobby L.",R000515,1946,,-0.478,-0.203,-22.33231,0.96623,650,6,,-0.452,-0.185
116,House,29717,21,7,IL,100,,,"DAVIS, Danny K.",D000096,1941,,-0.486,-0.264,-10.0764,0.98498,666,1,,-0.519,-0.437
116,House,29718,21,15,IL,200,,,"SHIMKUS, John M.",S000364,1958,,0.375,0.151,-84.57135,0.87835,652,39,,0.4,0.289
116,House,29911,21,9,IL,100,,,"SCHAKOWSKY, Janice D.",S001145,1944,,-0.606,-0.27,-13.19169,0.98076,679,4,,-0.483,-0.524
116,House,15124,22,1,IN,100,,,"VISCLOSKY, Peter",V000108,1949,,-0.402,0.243,-18.11256,0.97368,679,3,,-0.422,0.132
116,House,20757,22,7,IN,100,,,"CARSON, André",C001072,1974,,-0.431,0.06,-38.10795,0.94542,679,12,,-0.551,0.292
116,House,21132,22,8,IN,200,,,"BUCSHON, Larry",B001275,1962,,0.402,0.255,-83.10487,0.88269,666,36,,0.439,0.319
116,House,21330,22,2,IN,200,,,"WALORSKI, Jackie",W000813,1963,,0.429,0.315,-74.31915,0.89426,665,32,,0.394,0.353
116,House,21331,22,5,IN,200,,,"BROOKS, Susan",B001284,1960,,0.356,0.216,-121.03234,0.83496,671,57,,0.33,0.169
116,House,21702,22,3,IN,200,,,"BANKS, James E.",B001299,1979,,0.633,0.013,-97.85379,0.8667,684,47,,0.626,0.064
116,House,21725,22,9,IN,200,,,"HOLLINGSWORTH, Joseph Albert III",H001074,1983,,0.407,-0.229,-177.51167,0.76755,671,84,,0.385,-0.269
116,House,21903,22,4,IN,200,,,"BAIRD, James",B001307,1945,,0.415,0.622,-72.50655,0.89914,682,34,,0.415,0.622
116,House,21952,22,6,IN,200,,,"PENCE, Gregory",P000615,1956,,0.436,0.628,-73.19375,0.89724,675,31,,0.436,0.627
116,House,20325,31,4,IA,200,,,"KING, Steve",K000362,1949,,0.612,0.181,-178.83724,0.76481,667,83,,0.573,-0.167
116,House,20720,31,2,IA,100,,,"LOEBSACK, Dave",L000565,1952,,-0.276,-0.031,-22.84648,0.96648,670,6,,-0.291,0.161
116,House,21902,31,3,IA,100,,,"AXNE, Cynthia",A000378,1965,,-0.248,0.619,-60.99669,0.91311,671,24,,-0.248,0.618
116,House,21918,31,1,IA,100,,,"FINKENAUER, Abby",F000467,1988,,-0.25,0.504,-55.43421,0.92204,683,29,,-0.25,0.504
116,House,21734,32,1,KS,200,,,"MARSHALL, Roger Wayne",M001198,1960,,0.528,0.17,-105.91987,0.85152,659,50,,0.542,0.14
116,House,21750,32,4,KS,200,,,"ESTES, Ron",E000298,1956,,0.6,0.095,-89.72069,0.87519,673,41,,0.618,0.088
116,House,21914,32,3,KS,100,,,"DAVIDS, Sharice",D000629,1980,,-0.25,0.225,-49.54621,0.92973,680,20,,-0.25,0.225
116,House,21982,32,2,KS,200,,,"WATKINS, Steve",W000824,1976,,0.553,0.094,-100.37724,0.86314,682,43,,0.554,0.092
116,House,14854,51,5,KY,200,,,"ROGERS, Harold Dallas (Hal)",R000395,1937,,0.336,0.109,-78.94798,0.89039,680,25,,0.328,0.621
116,House,20723,51,3,KY,100,,,"YARMUTH, John",Y000062,1947,,-0.378,-0.271,-18.43219,0.9731,676,6,,-0.412,-0.181
116,House,20916,51,2,KY,200,,,"GUTHRIE, Brett",G000558,1964,,0.417,0.273,-60.17177,0.91579,684,24,,0.423,0.514
116,House,21333,51,6,KY,200,,,"BARR, Garland H. (Andy) IV",B001282,1973,,0.492,0.287,-96.22182,0.86751,677,43,,0.503,0.221
116,House,21565,51,1,KY,200,,,"COMER, James",C001108,1972,,0.637,-0.019,-109.57319,0.85057,677,50,,0.652,-0.005
116,House,31102,51,4,KY,200,,,"MASSIE, Thomas",M001184,1971,,0.682,-0.732,-210.40329,0.72808,663,90,,0.919,-0.395
116,House,20759,45,1,LA,200,,,"SCALISE, Steve",S001176,1965,,0.563,0.156,-68.40936,0.90362,675,29,,0.584,0.458
116,House,21137,45,2,LA,100,,,"RICHMOND, Cedric",R000588,1973,,-0.485,0.33,-34.17701,0.948,640,13,,-0.68,0.381
116,House,21522,45,5,LA,200,,,"ABRAHAM, Ralph",A000374,1954,,0.54,0.252,-62.51511,0.87319,461,29,,0.608,0.128
116,House,21523,45,6,LA,200,,,"GRAVES, Garret",G000577,1972,,0.461,-0.078,-117.56303,0.83972,673,49,,0.415,-0.038
116,House,21724,45,3,LA,200,,,"HIGGINS, Clay",H001077,1961,,0.569,-0.102,-121.2112,0.82059,613,56,,0.583,-0.18
116,House,21727,45,4,LA,200,,,"JOHNSON, Mike",J000299,1972,,0.557,-0.073,-102.2309,0.85237,640,41,,0.55,-0.006
116,House,20920,2,1,ME,100,,,"PINGREE, Chellie",P000597,1955,,-0.42,-0.401,-16.14823,0.97629,673,8,,-0.398,-0.376
116,House,21923,2,2,ME,100,,,"GOLDEN, Jared",G000592,1982,,-0.151,0.43,-142.5426,0.81189,684,48,,-0.151,0.43
116,House,14873,52,5,MD,100,,,"HOYER, Steny Hamilton",H000874,1939,,-0.38,0.117,-13.80201,0.97961,670,3,,-0.389,0.13
116,House,20329,52,2,MD,100,,,"RUPPERSBERGER, C. A. (Dutch)",R000576,1946,,-0.295,0.133,-21.08795,0.96911,672,5,,-0.291,-0.032
116,House,20724,52,3,MD,100,,,"SARBANES, John",S001168,1962,,-0.467,-0.073,-14.89274,0.97837,681,6,,-0.378,-0.081
116,House,21139,52,1,MD,200,,,"HARRIS, Andy",H001052,1957,,0.655,-0.378,-130.35246,0.82391,673,52,,0.768,-0.446
116,House,21707,52,4,MD,100,,,"BROWN, Anthony Gregory",B001304,1961,,-0.343,-0.151,-25.63264,0.96306,681,11,,-0.356,-0.071
116,House,21741,52,8,MD,100,,,"RASKIN, Jamie Ben",R000606,1962,,-0.546,-0.238,-10.76612,0.98429,680,3,,-0.464,-0.521
116,House,21978,52,6,MD,100,,,"TRONE, David",T000483,1955,,-0.281,-0.073,-20.3881,0.97016,673,4,,-0.281,-0.073
116,House,29587,52,7,MD,100,,,"CUMMINGS, Elijah Eugene",C000984,1951,,-0.438,-0.148,-14.38346,0.96718,431,7,,-0.385,-0.096
116,House,15616,3,1,MA,100,,,"NEAL, Richard Edmund",N000015,1949,,-0.417,-0.11,-9.52849,0.98592,672,3,,-0.401,-0.082
116,House,20119,3,8,MA,100,,,"LYNCH, Stephen F.",L000562,1955,,-0.35,0.039,-28.64007,0.95864,678,8,,-0.276,-0.005
116,House,21140,3,9,MA,100,,,"KEATING, William R.",K000375,1952,,-0.328,-0.13,-27.17684,0.96037,672,9,,-0.322,0.028
116,House,21335,3,4,MA,100,,,"KENNEDY, Joseph P. III",K000379,1980,,-0.423,-0.188,-11.69799,0.98279,674,4,,-0.471,-0.491
116,House,21375,3,5,MA,100,,,"CLARK, Katherine M.",C001101,1963,,-0.483,-0.375,-13.52382,0.98016,675,4,,-0.396,-0.275
116,House,21525,3,6,MA,100,,,"MOULTON, Seth",M001196,1978,,-0.286,-0.068,-68.15307,0.89246,599,26,,-0.216,0.188
116,House,21955,3,7,MA,100,,,"PRESSLEY, Ayanna",P000617,1974,,-0.286,-0.958,-33.67338,0.95127,674,15,,-0.29,-0.957
116,House,21977,3,3,MA,100,,,"TRAHAN, Lori",T000482,1973,,-0.417,-0.277,-9.94796,0.98556,684,5,,-0.417,-0.277
116,House,29729,3,2,MA,100,,,"McGOVERN, James P.",M000312,1959,,-0.539,-0.3,-10.15247,0.98518,680,3,,-0.465,-0.522
116,House,15446,23,6,MI,200,,,"UPTON, Frederick Stephen",U000031,1953,,0.335,-0.383,-165.89243,0.78324,679,81,,0.246,-0.047
116,House,20725,23,7,MI,200,,,"WALBERG, Tim",W000798,1951,,0.517,0.064,-92.43621,0.87255,678,35,,0.459,0.185
116,House,21142,23,2,MI,200,,,"HUIZENGA, Bill",H001058,1969,,0.588,-0.07,-123.79929,0.83152,671,49,,0.509,-0.033
116,House,21143,23,3,MI,200,,,"AMASH, Justin",A000367,1980,,0.654,-0.757,-172.05329,0.62734,369,65,,0.919,-0.395
116,House,21372,23,5,MI,100,,,"KILDEE, Dan",K000380,1958,,-0.395,-0.215,-12.43175,0.98199,684,4,,-0.46,-0.311
116,House,21526,23,4,MI,200,,,"MOOLENAAR, John",M001194,1961,,0.398,0.43,-65.39821,0.90856,682,26,,0.403,0.365
116,House,21529,23,12,MI,100,,,"DINGELL, Debbie",D000624,1953,,-0.406,-0.142,-18.02269,0.97322,664,8,,-0.367,-0.431
116,House,21530,23,14,MI,100,,,"LAWRENCE, Brenda L",L000581,1954,,-0.446,-0.034,-9.61482,0.98543,655,2,,-0.502,-0.046
116,House,21704,23,1,MI,200,,,"BERGMAN, John",B001301,1947,,0.425,0.052,-115.19916,0.84203,670,53,,0.423,0.071
116,House,21737,23,10,MI,200,,,"MITCHELL, Paul",M001201,1961,,0.426,0.31,-99.69898,0.86269,675,40,,0.427,0.278
116,House,21940,23,9,MI,100,,,"LEVIN, Andy",L000592,1960,,-0.514,-0.527,-9.86381,0.98564,682,4,,-0.514,-0.527
116,House,21965,23,8,MI,100,,,"SLOTKIN, Elissa",S001208,1976,,-0.317,0.783,-84.45667,0.88368,683,34,,-0.317,0.783
116,House,21972,23,11,MI,100,,,"STEVENS, Haley",S001215,1983,,-0.376,0.51,-31.9728,0.95427,683,11,,-0.376,0.51
116,House,21975,23,13,MI,100,,,"TLAIB, Rashida",T000481,1976,,-0.278,-0.961,-36.34105,0.94781,678,14,,-0.278,-0.961
116,House,91143,23,3,MI,328,,,"AMASH, Justin",A000367,1980,,0.317,-0.948,-211.22109,0.50257,307,111,,0.338,-0.941
116,House,20122,33,4,MN,100,,,"McCOLLUM, Betty",M001143,1954,,-0.418,-0.191,-23.31141,0.96644,683,6,,-0.467,-0.119
116,House,21531,33,6,MN,200,,,"EMMER, Thomas Earl II",E000294,1961,,0.459,-0.057,-119.74985,0.82739,632,47,,0.491,0.018
116,House,21910,33,2,MN,100,,,"CRAIG, Angela",C001119,1972,,-0.299,0.681,-67.75062,0.9057,684,21,,-0.299,0.681
116,House,21929,33,1,MN,200,,,"HAGEDORN, Jim",H001088,1962,,0.444,0.446,-66.04949,0.90744,680,32,,0.444,0.445
116,House,21950,33,5,MN,100,,,"OMAR, Ilhan",O000173,1981,,-0.299,-0.954,-44.97653,0.93324,651,17,,-0.319,-0.948
116,House,21953,33,3,MN,100,,,"PHILLIPS, Dean",P000616,1969,,-0.227,0.032,-42.68312,0.9395,684,11,,-0.227,0.032
116,House,21969,33,8,MN,200,,,"STAUBER, Peter",S001212,1966,,0.279,0.198,-115.61421,0.84386,681,49,,0.294,0.132
116,House,29127,33,7,MN,100,,,"PETERSON, Collin Clark",P000258,1944,,-0.148,0.712,-187.44615,0.75784,676,93,,-0.183,0.831
116,House,21148,46,4,MS,200,,,"PALAZZO, Steven",P000601,1970,,0.525,0.546,-80.5144,0.88483,658,38,,0.626,0.561
116,House,21561,46,1,MS,200,,,"KELLY, Trent",K000388,1966,,0.625,0.256,-75.28948,0.89371,670,30,,0.67,0.288
116,House,21927,46,3,MS,200,,,"GUEST, Michael",G000591,1970,,0.482,0.264,-81.0821,0.88681,675,35,,0.482,0.263
116,House,29368,46,2,MS,100,,,"THOMPSON, Bennie",T000193,1948,,-0.516,0.4,-20.48004,0.96945,660,8,,-0.554,0.231
116,House,20124,34,6,MO,200,,,"GRAVES, Samuel",G000546,1963,,0.442,0.173,-102.41635,0.85707,664,43,,0.528,0.393
116,House,20147,34,1,MO,100,,,"CLAY, William Lacy, Jr.",C001049,1956,,-0.481,-0.08,-15.77987,0.97623,656,7,,-0.614,-0.005
116,House,20517,34,5,MO,100,,,"CLEAVER, Emanuel, II",C001061,1944,,-0.454,0.017,-27.3768,0.95869,649,12,,-0.503,0.135
116,House,20926,34,3,MO,200,,,"LUETKEMEYER, Blaine",L000569,1952,,0.437,0.257,-92.5704,0.87273,680,42,,0.38,0.453
116,House,21149,34,4,MO,200,,,"HARTZLER, Vicky",H001053,1960,,0.465,0.329,-98.36609,0.86288,667,34,,0.384,0.369
116,House,21150,34,7,MO,200,,,"LONG, Billy",L000576,1955,,0.545,0.243,-108.28103,0.85118,672,42,,0.535,0.076
116,House,21337,34,2,MO,200,,,"WAGNER, Ann",W000812,1962,,0.45,0.151,-112.57466,0.8447,667,51,,0.41,0.122
116,House,21373,34,8,MO,200,,,"SMITH, Jason",S001195,1980,,0.597,0.206,-82.10873,0.88673,683,39,,0.567,0.248
116,House,21751,64,1,MT,200,,,"GIANFORTE, Greg",G000584,1961,,0.438,0.072,-86.67276,0.86714,608,36,,0.448,0.076
116,House,20518,35,1,NE,200,,,"FORTENBERRY, Jeff",F000449,1960,,0.301,-0.063,-148.17348,0.80106,668,66,,0.315,-0.076
116,House,20729,35,3,NE,200,,,"SMITH, Adrian",S001172,1970,,0.516,0.186,-93.06516,0.87192,679,42,,0.56,0.244
116,House,21701,35,2,NE,200,,,"BACON, Donald J.",B001298,1963,,0.41,-0.12,-157.62749,0.79418,684,82,,0.403,-0.164
116,House,20927,65,1,NV,100,,,"TITUS, Alice (Dina)",T000468,1950,,-0.302,-0.218,-16.09326,0.97598,662,7,,-0.382,-0.387
116,House,21196,65,2,NV,200,,,"AMODEI, Mark E.",A000369,1958,,0.381,0.204,-104.8318,0.85456,667,49,,0.388,0.277
116,House,21339,65,4,NV,100,,,"HORSFORD, Steven",H001066,1973,,-0.354,0.091,-40.46789,0.94198,677,18,,-0.487,0.486
116,House,21938,65,3,NV,100,,,"LEE, Susie",L000590,1966,,-0.292,0.387,-41.04797,0.94167,683,17,,-0.292,0.387
116,House,21340,4,2,NH,100,,,"KUSTER, Ann McLane",K000382,1956,,-0.255,-0.128,-24.67145,0.964,673,7,,-0.323,0.061
116,House,21951,4,1,NH,100,,,"PAPPAS, Chris",P000614,1980,,-0.373,0.267,-28.00183,0.95983,683,14,,-0.373,0.267
116,House,14863,12,4,NJ,200,,,"SMITH, Christopher Henry",S000522,1953,,0.164,-0.168,-184.09667,0.754,652,78,,0.211,-0.156
116,House,15454,12,6,NJ,100,,,"PALLONE, Frank, Jr.",P000034,1951,,-0.404,-0.163,-14.84611,0.97853,684,6,,-0.393,-0.439
116,House,20542,12,8,NJ,100,,,"SIRES, Albio",S001165,1951,,-0.405,0.095,-11.99004,0.98197,659,4,,-0.401,0.105
116,House,21536,12,1,NJ,100,,,"NORCROSS, Donald",N000188,1958,,-0.426,0.325,-26.69001,0.96145,679,7,,-0.405,-0.073
116,House,21538,12,12,NJ,100,,,"WATSON COLEMAN, Bonnie",W000822,1945,,-0.625,-0.137,-44.15617,0.93713,680,17,,-0.406,-0.185
116,House,21723,12,5,NJ,100,,,"GOTTHEIMER, Josh S.",G000583,1975,,-0.138,0.204,-87.54743,0.87953,682,44,,-0.162,0.456
116,House,21937,12,3,NJ,100,,,"KIM, Andy",K000394,1982,,-0.266,0.388,-42.43789,0.93984,684,15,,-0.266,0.388
116,House,21942,12,7,NJ,100,,,"MALINOWSKI, Tomaz",M001203,1965,,-0.277,0.067,-27.0708,0.96103,681,8,,-0.277,0.067
116,House,21964,12,11,NJ,100,,,"SHERRILL, Mikie",S001207,1972,,-0.175,0.242,-57.97196,0.91828,680,22,,-0.175,0.242
116,House,21980,12,2,NJ,100,,,"VAN DREW, Jefferson",V000133,1953,,-0.147,0.644,-89.13305,0.85956,589,37,,-0.147,0.643
116,House,29741,12,9,NJ,100,,,"PASCRELL, William J., Jr.",P000096,1937,,-0.366,-0.005,-20.93541,0.96955,677,6,,-0.334,-0.23
116,House,31103,12,10,NJ,100,,,"PAYNE, Donald, Jr.",P000604,1958,,-0.517,-0.102,-24.24448,0.96171,621,7,,-0.522,-0.078
116,House,91980,12,2,NJ,200,,,"VAN DREW, Jefferson",V000133,1953,,0.183,-0.283,-25.51406,0.71795,77,15,,0.183,-0.283
116,House,20932,66,3,NM,100,,,"LUJÁN, Ben Ray",L000570,1972,,-0.367,0.014,-19.52464,0.97174,681,10,,-0.298,-0.254
116,House,21928,66,1,NM,100,,,"HAALAND, Debra",H001080,1960,,-0.316,-0.31,-16.59738,0.97589,680,6,,-0.316,-0.31
116,House,21976,66,2,NM,100,,,"TORRES SMALL, Xochitl",T000484,1984,,-0.169,0.277,-76.85633,0.89328,681,29,,-0.169,0.277
116,House,15603,13,16,NY,100,,,"ENGEL, Eliot Lance",E000179,1947,,-0.408,-0.094,-15.94607,0.97679,679,5,,-0.561,-0.283
116,House,15612,13,17,NY,100,,,"LOWEY, Nita M.",L000480,1937,,-0.389,-0.155,-12.02382,0.98224,671,3,,-0.412,0.007
116,House,20519,13,26,NY,100,,,"HIGGINS, Brian",H001038,1959,,-0.347,-0.032,-15.62026,0.97716,676,7,,-0.362,-0.067
116,House,20733,13,9,NY,100,,,"CLARKE, Yvette Diane",C001067,1964,,-0.614,-0.204,-23.75123,0.96562,679,9,,-0.53,-0.507
116,House,20934,13,20,NY,100,,,"TONKO, Paul",T000469,1949,,-0.42,-0.266,-13.65885,0.97973,667,8,,-0.344,-0.468
116,House,21101,13,23,NY,200,,,"REED, Thomas W. II",R000585,1971,,0.28,0.11,-137.64446,0.81354,667,57,,0.235,0.211
116,House,21342,13,6,NY,100,,,"MENG, Grace",M001188,1975,,-0.378,-0.162,-44.34379,0.93596,670,20,,-0.281,-0.351
116,House,21343,13,8,NY,100,,,"JEFFRIES, Hakeem",J000294,1970,,-0.487,-0.09,-15.35822,0.97737,671,5,,-0.47,-0.128
116,House,21344,13,18,NY,100,,,"MALONEY, Sean Patrick",M001185,1966,,-0.238,0.119,-36.83151,0.94713,678,18,,-0.303,0.355
116,House,21345,13,27,NY,200,,,"COLLINS, Chris",C001092,1950,,0.357,0.236,-61.83374,0.87498,463,22,,0.328,0.316
116,House,21539,13,1,NY,200,,,"ZELDIN, Lee M",Z000017,1980,,0.387,-0.131,-154.00741,0.79627,676,66,,0.422,-0.168
116,House,21540,13,4,NY,100,,,"RICE, Kathleen Maura",R000602,1965,,-0.284,0.026,-50.83127,0.92555,657,23,,-0.258,0.246
116,House,21541,13,21,NY,200,,,"STEFANIK, Elise M",S001196,1984,,0.221,0.001,-137.65638,0.81722,682,60,,0.227,-0.033
116,House,21542,13,24,NY,200,,,"KATKO, John",K000386,1962,,0.203,-0.009,-127.42411,0.82443,660,52,,0.195,-0.008
116,House,21715,13,13,NY,100,,,"ESPAILLAT, Adriano J.",E000297,1954,,-0.616,-0.141,-18.1012,0.97381,682,7,,-0.499,-0.575
116,House,21747,13,3,NY,100,,,"SUOZZI, Thomas",S001201,1962,,-0.21,0.083,-47.43314,0.93262,680,20,,-0.286,0.285
116,House,21761,13,25,NY,100,,,"MORELLE, Joseph D.",M001206,1957,,-0.318,0.101,-21.35226,0.96817,660,5,,-0.299,0.072
116,House,21904,13,22,NY,100,,,"BRINDISI, Anthony",B001308,1978,,-0.153,0.577,-120.53098,0.83779,681,42,,-0.153,0.577
116,House,21916,13,19,NY,100,,,"DELGADO, Antonio",D000630,1977,,-0.205,0.164,-52.2243,0.92649,684,16,,-0.205,0.164
116,House,21949,13,14,NY,100,,,"OCASIO-CORTEZ, Alexandria",O000172,1989,,-0.226,-0.974,-57.02206,0.91956,680,22,,-0.225,-0.974
116,House,21958,13,11,NY,100,,,"ROSE, Max",R000613,1986,,-0.175,0.237,-95.39053,0.86821,675,35,,-0.175,0.237
116,House,29134,13,15,NY,100,,,"SERRANO, José E.",S000248,1943,,-0.491,-0.377,-9.65138,0.98396,597,3,,-0.408,-0.291
116,House,29375,13,2,NY,200,,,"KING, Peter T.",K000210,1944,,0.259,-0.033,-136.12607,0.81761,676,50,,0.255,-0.02
116,House,29377,13,10,NY,100,,,"NADLER, Jerrold Lewis",N000002,1947,,-0.509,-0.506,-12.58159,0.98126,665,4,,-0.539,-0.323
116,House,29378,13,7,NY,100,,,"VELÁZQUEZ, Nydia M.",V000081,1953,,-0.547,-0.338,-10.34523,0.98468,670,3,,-0.456,-0.584
116,House,29379,13,12,NY,100,,,"MALONEY, Carolyn Bosher",M000087,1946,,-0.387,-0.279,-10.92186,0.98414,683,4,,-0.425,-0.4
116,House,29776,13,5,NY,100,,,"MEEKS, Gregory W.",M001137,1953,,-0.413,-0.074,-16.48079,0.97477,645,7,,-0.512,0.088
116,House,15438,47,4,NC,100,,,"PRICE, David Eugene",P000523,1940,,-0.343,-0.031,-13.8015,0.97991,680,5,,-0.398,-0.18
116,House,20340,47,1,NC,100,,,"BUTTERFIELD, George Kenneth, Jr. (G.K.)",B001251,1947,,-0.404,0.181,-17.88051,0.97386,675,6,,-0.451,0.061
116,House,20521,47,5,NC,200,,,"FOXX, Virginia Ann",F000450,1943,,0.631,0.123,-122.95362,0.83459,680,52,,0.567,-0.002
116,House,20522,47,10,NC,200,,,"McHENRY, Patrick T.",M001156,1975,,0.552,0.076,-150.7521,0.79771,667,58,,0.411,0.064
116,House,21346,47,8,NC,200,,,"HUDSON, Richard",H001067,1971,,0.582,0.103,-124.29284,0.82423,643,55,,0.476,0.101
116,House,21348,47,11,NC,200,,,"MEADOWS, Mark",M001187,1959,,0.605,-0.201,-132.76565,0.81396,645,60,,0.587,-0.209
116,House,21349,47,2,NC,200,,,"HOLDING, George E.B.",H001065,1968,,0.609,0.144,-74.44499,0.88788,626,27,,0.545,0.214
116,House,21543,47,6,NC,200,,,"WALKER, Bradley Mark",W000819,1969,,0.641,0.022,-75.6216,0.8825,605,32,,0.677,0.172
116,House,21544,47,7,NC,200,,,"ROUZER, David",R000603,1972,,0.572,0.145,-102.15324,0.86032,679,42,,0.542,0.102
116,House,21545,47,12,NC,100,,,"ADAMS, Alma",A000370,1946,,-0.466,0.012,-13.02947,0.98045,660,4,,-0.423,-0.102
116,House,21708,47,13,NC,200,,,"BUDD, Theodore Paul",B001305,1971,,0.67,-0.102,-99.30678,0.86319,675,42,,0.661,-0.091
116,House,21986,47,9,NC,200,,,"BISHOP, Dan",B001311,1964,,0.865,0.066,-15.99151,0.92088,194,7,,0.861,0.062
116,House,21987,47,3,NC,200,,,"MURPHY, Gregory Francis",M001210,1963,,0.618,0.082,-24.40528,0.88929,208,11,,0.629,0.079
116,House,29546,47,3,NC,200,,,"JONES, Walter Beaman, Jr.",J000255,1943,,0.244,-0.362,,,,,,,
116,House,21901,36,1,ND,200,,,"ARMSTRONG, Kelly",A000377,1976,,0.451,0.09,-115.45565,0.83996,662,49,,0.451,0.089
116,House,15029,24,9,OH,100,,,"KAPTUR, Marcia Carolyn (Marcy)",K000009,1946,,-0.35,0.109,-22.53339,0.96698,671,7,,-0.436,0.276
116,House,20342,24,10,OH,200,,,"TURNER, Michael R.",T000463,1960,,0.27,0.205,-95.62076,0.86737,672,29,,0.302,0.248
116,House,20343,24,13,OH,100,,,"RYAN, Timothy J.",R000577,1973,,-0.403,0.214,-15.49308,0.97135,533,6,,-0.354,0.023
116,House,20738,24,4,OH,200,,,"JORDAN, Jim",J000289,1964,,0.718,-0.218,-89.1219,0.87614,674,38,,0.762,-0.181
116,House,20755,24,5,OH,200,,,"LATTA, Robert E.",L000566,1956,,0.518,0.26,-56.01116,0.92126,683,13,,0.509,0.323
116,House,20941,24,11,OH,100,,,"FUDGE, Marcia L.",F000455,1952,,-0.581,0.14,-39.09152,0.93956,627,14,,-0.532,0.371
116,House,21162,24,6,OH,200,,,"JOHNSON, Bill",J000292,1954,,0.433,0.283,-64.22389,0.90859,670,26,,0.439,0.414
116,House,21163,24,15,OH,200,,,"STIVERS, Steve",S001187,1965,,0.299,0.271,-109.94228,0.84171,638,48,,0.299,0.273
116,House,21165,24,7,OH,200,,,"GIBBS, Bob",G000563,1954,,0.474,0.321,-73.29398,0.89696,674,26,,0.513,0.498
116,House,21351,24,2,OH,200,,,"WENSTRUP, Brad",W000815,1958,,0.551,0.177,-84.62168,0.88018,663,30,,0.507,0.217
116,House,21352,24,3,OH,100,,,"BEATTY, Joyce",B001281,1950,,-0.429,0.064,-13.45551,0.97951,650,4,,-0.454,-0.094
116,House,21353,24,14,OH,200,,,"JOYCE, David",J000295,1957,,0.264,0.271,-96.28005,0.86798,680,33,,0.288,0.247
116,House,21564,24,8,OH,200,,,"DAVIDSON, Warren",D000626,1970,,0.708,-0.349,-152.53984,0.79773,675,77,,0.677,-0.406
116,House,21759,24,12,OH,200,,,"BALDERSON, Troy",B001306,1962,,0.442,0.501,-61.86328,0.91341,683,23,,0.443,0.501
116,House,21924,24,16,OH,200,,,"GONZALEZ, Anthony",G000588,1984,,0.293,0.225,-94.26758,0.8702,678,35,,0.293,0.225
116,House,29550,24,1,OH,200,,,"CHABOT, Steve",C000266,1953,,0.572,-0.213,-96.43356,0.8685,684,35,,0.501,0.181
116,House,20344,53,4,OK,200,,,"COLE, Tom",C001053,1949,,0.33,0.359,-110.16109,0.85084,682,42,,0.288,0.416
116,House,21355,53,2,OK,200,,,"MULLIN, Markwayne",M001190,1977,,0.514,0.377,-94.33797,0.85758,614,38,,0.538,0.196
116,House,21760,53,1,OK,200,,,"HERN, Kevin",H001082,1961,,0.68,0.051,-85.67732,0.88129,678,36,,0.689,0.06
116,House,21933,53,5,OK,100,,,"HORN, Kendra",H001083,1976,,-0.176,0.527,-101.02672,0.86232,682,42,,-0.176,0.527
116,House,29393,53,3,OK,200,,,"LUCAS, Frank D.",L000491,1960,,0.362,0.416,-56.58001,0.91589,644,22,,0.329,0.624
116,House,15410,72,4,OR,100,,,"DeFAZIO, Peter Anthony",D000191,1947,,-0.429,0.003,-37.43708,0.94518,664,13,,-0.52,-0.512
116,House,20944,72,5,OR,100,,,"SCHRADER, Kurt",S001180,1951,,-0.189,0.063,-98.10972,0.8636,669,44,,-0.144,0.14
116,House,21198,72,1,OR,100,,,"BONAMICI, Suzanne",B001278,1954,,-0.393,-0.397,-12.51168,0.98185,683,3,,-0.453,-0.354
116,House,29588,72,3,OR,100,,,"BLUMENAUER, Earl",B000574,1948,,-0.427,-0.669,-20.93227,0.96942,674,7,,-0.449,-0.795
116,House,29932,72,2,OR,200,,,"WALDEN, Greg",W000791,1957,,0.334,-0.013,-114.46975,0.84486,679,47,,0.275,0.21
116,House,20946,14,15,PA,200,,,"THOMPSON, Glenn",T000467,1959,,0.31,0.39,-76.95467,0.89057,664,21,,0.317,0.421
116,House,21167,14,16,PA,200,,,"KELLY, Mike",K000376,1948,,0.345,0.454,-117.92761,0.83728,664,54,,0.451,0.148
116,House,21170,14,12,PA,200,,,"MARINO, Thomas A.",M001179,1952,,0.352,0.477,-0.28897,0.98751,23,0,,0.0,0.0
116,House,21356,14,10,PA,200,,,"PERRY, Scott",P000605,1962,,0.623,-0.346,-136.2443,0.81525,667,71,,0.574,-0.302
116,House,21358,14,8,PA,100,,,"CARTWRIGHT, Matt",C001090,1961,,-0.371,-0.046,-11.89223,0.98201,655,2,,-0.387,0.016
116,House,21548,14,2,PA,100,,,"BOYLE, Brendan Francis",B001296,1977,,-0.396,0.133,-26.00183,0.96227,676,11,,-0.389,-0.226
116,House,21566,14,3,PA,100,,,"EVANS, Dwight",E000296,1954,,-0.454,-0.072,-11.16613,0.98352,672,2,,-0.487,-0.074
116,House,21718,14,1,PA,200,,,"FITZPATRICK, Brian K.",F000466,1973,,0.177,-0.187,-146.51076,0.80489,675,62,,0.151,-0.125
116,House,21745,14,11,PA,200,,,"SMUCKER, Lloyd K.",S001199,1964,,0.42,0.279,-62.27652,0.907,638,28,,0.437,0.228
116,House,21756,14,17,PA,100,,,"LAMB, Conor",L000588,1984,,-0.119,0.137,-92.83764,0.87273,682,39,,-0.144,0.241
116,House,21762,14,5,PA,100,,,"SCANLON, Mary Gay",S001205,1959,,-0.493,0.011,-13.10831,0.98094,681,4,,-0.551,0.093
116,House,21763,14,7,PA,100,,,"WILD, Susan",W000826,1957,,-0.351,0.604,-57.08263,0.91925,678,23,,-0.332,0.572
116,House,21915,14,4,PA,100,,,"DEAN, Madeleine",D000631,1959,,-0.527,0.038,-10.57685,0.98459,681,4,,-0.527,0.038
116,House,21934,14,6,PA,100,,,"HOULAHAN, Christina",H001085,1967,,-0.312,0.568,-37.46208,0.94655,682,12,,-0.312,0.568
116,House,21936,14,13,PA,200,,,"JOYCE, John",J000302,1957,,0.543,0.132,-66.79519,0.90119,642,28,,0.544,0.129
116,House,21945,14,9,PA,200,,,"MEUSER, Dan",M001204,1964,,0.569,0.358,-82.84639,0.88119,655,37,,0.57,0.354
116,House,21956,14,14,PA,200,,,"RESCHENTHALER, Guy",R000610,1983,,0.35,0.452,-78.99032,0.88832,667,27,,0.35,0.452
116,House,21985,14,12,PA,200,,,"KELLER, Fred",K000395,1965,,0.476,0.205,-56.58892,0.88857,479,23,,0.477,0.203
116,House,29561,14,18,PA,100,,,"DOYLE, Michael F.",D000482,1953,,-0.33,0.114,-26.77895,0.96006,657,9,,-0.425,-0.363
116,House,20136,5,2,RI,100,,,"LANGEVIN, James",L000559,1964,,-0.376,0.108,-29.41459,0.95767,680,7,,-0.288,-0.032
116,House,21172,5,1,RI,100,,,"CICILLINE, David N.",C001084,1961,,-0.391,-0.283,-20.4187,0.97038,679,7,,-0.427,-0.204
116,House,20138,48,2,SC,200,,,"WILSON, Addison Graves (Joe)",W000795,1947,,0.538,0.106,-104.77679,0.85341,661,47,,0.486,0.138
116,House,21174,48,3,SC,200,,,"DUNCAN, Jeff",D000615,1966,,0.731,-0.186,-98.6065,0.8652,681,34,,0.712,-0.122
116,House,21359,48,7,SC,200,,,"RICE, Tom",R000597,1957,,0.602,-0.281,-148.39153,0.8,665,77,,0.634,-0.331
116,House,21753,48,5,SC,200,,,"NORMAN, Ralph",N000190,1953,,0.785,-0.203,-82.69258,0.88241,661,42,,0.815,-0.175
116,House,21913,48,1,SC,100,,,"CUNNINGHAM, Joe",C001122,1982,,-0.119,0.45,-128.56128,0.82611,673,48,,-0.119,0.45
116,House,21974,48,4,SC,200,,,"TIMMONS, William",T000480,1984,,0.592,0.183,-75.9221,0.8844,618,29,,0.589,0.194
116,House,39301,48,6,SC,100,,,"CLYBURN, James Enos",C000537,1940,,-0.464,0.254,-23.56967,0.96167,603,7,,-0.394,0.026
116,House,21935,37,1,SD,200,,,"JOHNSON, Dustin",J000301,1976,,0.488,0.049,-94.27546,0.87107,683,27,,0.488,0.048
116,House,15019,54,5,TN,100,,,"COOPER, James Hayes Shofner",C000754,1954,,-0.162,-0.031,-83.34228,0.88336,672,21,,-0.246,0.256
116,House,20748,54,9,TN,100,,,"COHEN, Stephen",C001068,1949,,-0.4,-0.353,-24.62067,0.96397,671,10,,-0.372,-0.28
116,House,20947,54,1,TN,200,,,"ROE, David P. (Phil)",R000582,1945,,0.485,0.023,-81.97228,0.88403,665,32,,0.451,0.149
116,House,21178,54,3,TN,200,,,"FLEISCHMANN, Chuck",F000459,1962,,0.457,0.31,-86.02063,0.88183,684,40,,0.412,0.412
116,House,21179,54,4,TN,200,,,"DESJARLAIS, Scott",D000616,1964,,0.58,-0.089,-86.39457,0.8773,660,37,,0.546,0.045
116,House,21731,54,8,TN,200,,,"KUSTOFF, David",K000392,1966,,0.533,0.266,-62.70151,0.91002,665,22,,0.519,0.594
116,House,21905,54,2,TN,200,,,"BURCHETT, Timothy",B001309,1964,,0.71,-0.228,-113.11421,0.8455,674,49,,0.709,-0.228
116,House,21926,54,7,TN,200,,,"GREEN, Mark",G000590,1964,,0.72,0.126,-66.69247,0.8938,594,28,,0.717,0.126
116,House,21959,54,6,TN,200,,,"ROSE, John",R000612,1965,,0.681,0.122,-96.73958,0.86385,661,40,,0.679,0.124
116,House,20355,49,26,TX,200,,,"BURGESS, Michael C.",B001248,1950,,0.577,-0.214,-131.22882,0.82308,674,64,,0.628,-0.13
116,House,20356,49,31,TX,200,,,"CARTER, John R.",C001051,1941,,0.473,0.607,-117.70253,0.83225,641,52,,0.544,0.839
116,House,20527,49,1,TX,200,,,"GOHMERT, Louie",G000552,1953,,0.624,-0.333,-135.93846,0.80396,623,67,,0.702,-0.438
116,House,20529,49,9,TX,100,,,"GREEN, Al",G000553,1947,,-0.438,0.312,-24.90647,0.96404,680,12,,-0.398,-0.069
116,House,20530,49,10,TX,200,,,"McCAUL, Michael T.",M001157,1962,,0.437,0.09,-122.08149,0.83544,679,52,,0.337,0.26
116,House,20531,49,11,TX,200,,,"CONAWAY, K. Michael",C001062,1948,,0.591,0.367,-73.59501,0.89785,683,34,,0.603,0.534
116,House,20532,49,24,TX,200,,,"MARCHANT, Kenny",M001158,1951,,0.601,0.153,-109.45013,0.83451,605,42,,0.601,0.012
116,House,20533,49,28,TX,100,,,"CUELLAR, Henry",C001063,1955,,-0.227,0.623,-117.71389,0.84126,681,56,,-0.333,0.869
116,House,20948,49,22,TX,200,,,"OLSON, Pete",O000168,1962,,0.549,0.309,-84.00972,0.88014,658,35,,0.59,0.316
116,House,21182,49,17,TX,200,,,"FLORES, Bill",F000461,1954,,0.573,0.283,-98.15182,0.86335,668,36,,0.517,0.148
116,House,21360,49,14,TX,200,,,"WEBER, Randy",W000814,1953,,0.709,0.036,-98.11737,0.86205,661,43,,0.724,-0.018
116,House,21362,49,20,TX,100,,,"CASTRO, Joaquin",C001091,1974,,-0.398,-0.015,-28.49945,0.95774,660,11,,-0.597,-0.161
116,House,21364,49,25,TX,200,,,"WILLIAMS, Roger",W000816,1949,,0.587,0.092,-97.74814,0.86311,664,41,,0.567,0.047
116,House,21365,49,33,TX,100,,,"VEASEY, Marc",V000131,1971,,-0.403,0.286,-27.4074,0.96032,677,8,,-0.338,0.08
116,House,21366,49,34,TX,100,,,"VELA, Filemon",V000132,1963,,-0.312,0.415,-83.34034,0.88449,679,32,,-0.438,0.499
116,House,21549,49,4,TX,200,,,"RATCLIFFE, John",R000601,1965,,0.693,0.113,-74.52081,0.88518,611,34,,0.654,0.116
116,House,21550,49,23,TX,200,,,"HURD, William Ballard",H001073,1977,,0.293,0.226,-152.89353,0.79597,670,62,,0.214,0.307
116,House,21551,49,36,TX,200,,,"BABIN, Brian",B001291,1948,,0.698,0.131,-101.87419,0.85717,661,46,,0.701,0.113
116,House,21700,49,19,TX,200,,,"ARRINGTON, Jodey Cook",A000375,1972,,0.625,-0.035,-115.93507,0.84197,674,63,,0.649,-0.104
116,House,21722,49,15,TX,100,,,"GONZALEZ, Vicente Jr.",G000581,1967,,-0.378,0.667,-74.07705,0.89291,654,32,,-0.516,0.857
116,House,21758,49,27,TX,200,,,"CLOUD, Michael",C001115,1975,,0.647,-0.238,-133.18868,0.82141,677,57,,0.646,-0.259
116,House,21900,49,32,TX,100,,,"ALLRED, Colin",A000376,1983,,-0.443,0.639,-36.97345,0.946,666,17,,-0.443,0.639
116,House,21911,49,2,TX,200,,,"CRENSHAW, Daniel",C001120,1984,,0.392,0.382,-75.87743,0.89338,673,33,,0.392,0.381
116,House,21917,49,16,TX,100,,,"ESCOBAR, Veronica",E000299,1969,,-0.502,-0.202,-11.4018,0.98325,675,5,,-0.502,-0.202
116,House,21919,49,7,TX,100,,,"FLETCHER, Elizabeth",F000468,1975,,-0.432,0.845,-64.19289,0.91004,681,31,,-0.432,0.845
116,House,21922,49,29,TX,100,,,"GARCIA, Sylvia",G000587,1950,,-0.762,0.537,-44.10647,0.93755,684,13,,-0.763,0.537
116,House,21925,49,5,TX,200,,,"GOODEN, Lance",G000589,1982,,0.73,0.089,-70.44006,0.89978,667,28,,0.728,0.09
116,House,21961,49,21,TX,200,,,"ROY, Charles",R000614,1972,,0.8,-0.6,-124.07546,0.83095,670,47,,1.0,-0.03
116,House,21973,49,3,TX,200,,,"TAYLOR, Nicholas",T000479,1972,,0.552,-0.138,-124.19753,0.83329,681,58,,0.553,-0.14
116,House,21984,49,6,TX,200,,,"WRIGHT, Ron",W000827,1953,,0.73,-0.046,-59.36959,0.89643,543,24,,0.739,-0.045
116,House,29571,49,35,TX,100,,,"DOGGETT, Lloyd Alton, II",D000399,1946,,-0.403,-0.314,-31.60651,0.95317,659,9,,-0.429,-0.446
116,House,29572,49,13,TX,200,,,"THORNBERRY, William McClellan (Mac)",T000238,1958,,0.525,0.309,-101.66986,0.85803,664,47,,0.501,0.264
116,House,29573,49,18,TX,100,,,"JACKSON LEE, Sheila",J000032,1950,,-0.46,0.129,-17.66968,0.97405,672,8,,-0.568,-0.112
116,House,29760,49,8,TX,200,,,"BRADY, Kevin Patrick",B000755,1955,,0.524,0.216,-104.48966,0.85001,643,46,,0.582,0.229
116,House,29762,49,12,TX,200,,,"GRANGER, Kay",G000377,1943,,0.397,0.239,-97.4968,0.85808,637,45,,0.441,0.332
116,House,39305,49,30,TX,100,,,"JOHNSON, Eddie Bernice",J000126,1935,,-0.485,0.204,-19.96996,0.97063,670,8,,-0.371,0.038
116,House,20357,67,1,UT,200,,,"BISHOP, Robert (Rob)",B001250,1951,,0.536,0.101,-130.17183,0.81877,651,61,,0.571,-0.01
116,House,21367,67,2,UT,200,,,"STEWART, Chris",S001192,1960,,0.529,0.159,-76.46502,0.89305,676,36,,0.54,0.341
116,House,21755,67,3,UT,200,,,"CURTIS, John R.",C001114,1960,,0.542,0.007,-86.18943,0.87326,636,36,,0.541,0.021
116,House,21943,67,4,UT,100,,,"McADAMS, Ben",M001209,1974,,-0.067,0.281,-195.50783,0.75076,682,78,,-0.067,0.281
116,House,20750,6,1,VT,100,,,"WELCH, Peter",W000800,1947,,-0.409,-0.35,-17.27154,0.97417,660,7,,-0.503,-0.315
116,House,20756,40,1,VA,200,,,"WITTMAN, Robert J.",W000804,1959,,0.444,-0.019,-118.29573,0.84011,679,53,,0.53,0.149
116,House,20952,40,11,VA,100,,,"CONNOLLY, Gerald E. (Gerry)",C001078,1950,,-0.306,-0.014,-47.11105,0.93287,678,22,,-0.224,-0.083
116,House,21191,40,9,VA,200,,,"GRIFFITH, H. Morgan",G000568,1958,,0.552,-0.436,-159.16575,0.78911,672,68,,0.571,-0.356
116,House,21554,40,8,VA,100,,,"BEYER, Donald Sternoff Jr.",B001292,1950,,-0.386,-0.045,-15.57469,0.97689,666,6,,-0.344,-0.3
116,House,21736,40,4,VA,100,,,"MCEACHIN, Aston Donald",M001200,1961,,-0.377,-0.107,-35.43827,0.9376,550,14,,-0.292,-0.086
116,House,21908,40,6,VA,200,,,"CLINE, Benjamin",C001118,1972,,0.716,-0.183,-107.53328,0.85452,684,48,,0.715,-0.183
116,House,21941,40,2,VA,100,,,"LURIA, Elaine",L000591,1975,,-0.178,0.375,-93.12071,0.87131,676,45,,-0.178,0.375
116,House,21957,40,5,VA,200,,,"RIGGLEMAN, Denver",R000611,1970,,0.486,-0.042,-105.87099,0.85523,677,37,,0.486,-0.043
116,House,21966,40,7,VA,100,,,"SPANBERGER, Abigail",S001209,1979,,-0.173,0.453,-88.79221,0.87793,682,35,,-0.173,0.453
116,House,21983,40,10,VA,100,,,"WEXTON, Jennifer",W000825,1968,,-0.412,0.483,-23.59508,0.96599,682,13,,-0.412,0.483
116,House,39307,40,3,VA,100,,,"SCOTT, Robert C.",S000185,1947,,-0.45,0.015,-36.76031,0.9476,683,13,,-0.345,0.109
116,House,20145,73,2,WA,100,,,"LARSEN, Richard Ray (Rick)",L000560,1965,,-0.365,0.189,-31.12641,0.95519,679,9,,-0.452,0.146
116,House,20535,73,5,WA,200,,,"McMORRIS RODGERS, Cathy",M001159,1969,,0.425,0.115,-110.69726,0.84771,670,49,,0.401,-0.023
116,House,21187,73,3,WA,200,,,"HERRERA BEUTLER, Jaime",H001056,1978,,0.359,-0.191,-109.86828,0.80721,513,54,,0.273,-0.015
116,House,21368,73,6,WA,100,,,"KILMER, Derek",K000381,1974,,-0.309,-0.01,-28.22352,0.95946,682,14,,-0.389,0.405
116,House,21369,73,10,WA,100,,,"HECK, Denny",H001064,1952,,-0.311,-0.127,-15.2341,0.97765,674,4,,-0.292,-0.202
116,House,21556,73,4,WA,200,,,"NEWHOUSE, Daniel Milton",N000189,1955,,0.349,0.236,-89.43319,0.87591,675,39,,0.325,0.3
116,House,21726,73,7,WA,100,,,"JAYAPAL, Pramila",J000298,1965,,-0.696,-0.234,-16.35056,0.97614,677,7,,-0.603,-0.663
116,House,21962,73,8,WA,100,,,"SCHRIER, Kim",S001216,1968,,-0.331,0.425,-33.48139,0.95209,682,17,,-0.331,0.425
116,House,29768,73,9,WA,100,,,"SMITH, Adam",S000510,1965,,-0.284,-0.161,-14.56506,0.97846,669,7,,-0.358,-0.322
116,House,31101,73,1,WA,100,,,"DelBENE, Suzan K.",D000617,1962,,-0.28,-0.23,-16.16072,0.97655,681,2,,-0.331,-0.228
116,House,21188,56,1,WV,200,,,"McKINLEY, David",M001180,1947,,0.3,0.188,-119.77012,0.83937,684,50,,0.323,0.339
116,House,21557,56,2,WV,200,,,"MOONEY, Alex X.",M001195,1971,,0.578,-0.287,-152.12459,0.79954,680,68,,0.573,-0.266
116,House,21946,56,3,WV,200,,,"MILLER, Carol",M001205,1950,,0.459,0.415,-69.36426,0.90234,675,26,,0.459,0.414
116,House,14657,25,5,WI,200,,,"SENSENBRENNER, Frank James, Jr.",S000244,1943,,0.638,-0.581,-155.58947,0.77125,599,80,,0.565,-0.269
116,House,20537,25,4,WI,100,,,"MOORE, Gwendolynne S. (Gwen)",M001160,1951,,-0.529,-0.25,-22.85064,0.96662,673,11,,-0.468,-0.387
116,House,21189,25,7,WI,200,,,"DUFFY, Sean",D000614,1971,,0.511,-0.109,-100.93909,0.79459,439,46,,0.515,0.012
116,House,21370,25,2,WI,100,,,"POCAN, Mark",P000607,1964,,-0.543,-0.529,-23.57413,0.96548,671,6,,-0.476,-0.824
116,House,21559,25,6,WI,200,,,"GROTHMAN, Glenn",G000576,1955,,0.616,-0.288,-140.01776,0.80884,660,67,,0.616,-0.33
116,House,21720,25,8,WI,200,,,"GALLAGHER, Michael",G000579,1984,,0.444,-0.049,-140.56751,0.81226,676,59,,0.392,-0.017
116,House,21970,25,1,WI,200,,,"STEIL, Bryan",S001213,1981,,0.425,-0.061,-114.22651,0.84453,676,49,,0.42,-0.044
116,House,29769,25,3,WI,100,,,"KIND, Ron",K000188,1963,,-0.262,-0.082,-58.23789,0.91505,656,23,,-0.242,0.13
116,House,21710,68,1,WY,200,,,"CHENEY, Liz",C001109,1966,,0.509,0.5,-101.03297,0.85786,659,50,,0.503,0.586
116,Senate,41705,41,0,AL,100,,,"JONES, Gordon Douglas (Doug)",J000300,1954,,-0.089,0.2,-54.30223,0.88561,447,23,,-0.078,0.272
116,Senate,94659,41,0,AL,200,,,"SHELBY, Richard C.",S000320,1934,,0.428,0.514,-33.84684,0.92921,461,17,,0.432,0.063
116,Senate,40300,81,0,AK,200,,,"MURKOWSKI, Lisa",M001153,1957,,0.21,-0.289,-27.70304,0.93802,433,7,,0.268,-0.399
116,Senate,41500,81,0,AK,200,,,"SULLIVAN, Daniel Scott",S001198,1964,,0.477,0.083,-34.579,0.92682,455,14,,0.497,0.049
116,Senate,21300,61,0,AZ,100,,,"SINEMA, Kyrsten",S001191,1976,,-0.102,0.059,-62.14914,0.86799,439,18,,-0.059,0.205
116,Senate,21501,61,0,AZ,200,,,"McSALLY, Martha",M001197,1966,,0.345,0.026,-29.4965,0.93789,460,11,,0.344,0.257
116,Senate,20101,42,0,AR,200,,,"BOOZMAN, John",B001236,1950,,0.4,0.247,-18.37914,0.96108,463,6,,0.345,0.235
116,Senate,21301,42,0,AR,200,,,"COTTON, Tom",C001095,1977,,0.577,0.103,-45.21373,0.90639,460,20,,0.438,0.046
116,Senate,41701,71,0,CA,100,,,"HARRIS, Kamala Devi",H001075,1964,,-0.709,-0.118,-14.62147,0.93788,228,5,,-0.725,-0.301
116,Senate,49300,71,0,CA,100,,,"FEINSTEIN, Dianne",F000062,1933,,-0.268,-0.2,-54.3534,0.88923,463,15,,-0.259,-0.109
116,Senate,21112,62,0,CO,200,,,"GARDNER, Cory",G000562,1974,,0.445,-0.021,-32.46484,0.93084,453,14,,0.34,0.084
116,Senate,40910,62,0,CO,100,,,"BENNET, Michael F.",B001267,1964,,-0.22,-0.155,-78.74744,0.79749,348,36,,-0.285,-0.156
116,Senate,20707,1,0,CT,100,,,"MURPHY, Christopher",M001169,1973,,-0.276,-0.194,-107.53007,0.79155,460,46,,-0.16,-0.309
116,Senate,41101,1,0,CT,100,,,"BLUMENTHAL, Richard",B001277,1946,,-0.43,-0.073,-62.85305,0.87229,460,29,,-0.451,0.008
116,Senate,15015,11,0,DE,100,,,"CARPER, Thomas Richard",C000174,1947,,-0.176,-0.23,-83.77489,0.8335,460,25,,-0.191,-0.321
116,Senate,40916,11,0,DE,100,,,"COONS, Christopher A.",C001088,1963,,-0.225,-0.222,-49.94277,0.89473,449,16,,-0.191,-0.261
116,Senate,41102,43,0,FL,200,,,"RUBIO, Marco",R000595,1971,,0.573,-0.273,-37.16442,0.92005,446,15,,0.543,-0.123
116,Senate,41903,43,0,FL,200,,,"SCOTT, Richard Lynn (Rick)",S001217,1952,,0.5,0.15,-34.4289,0.92619,449,20,,0.5,0.149
116,Senate,29909,44,0,GA,200,,,"ISAKSON, Johnny",I000055,1944,,0.402,-0.011,-10.54373,0.96184,271,2,,0.336,0.153
116,Senate,41501,44,0,GA,200,,,"PERDUE, David Alfred, Jr.",P000612,1949,,0.572,-0.079,-29.55999,0.93281,425,16,,0.482,0.252
116,Senate,41904,44,0,GA,200,,,"LOEFFLER, Kelly",L000594,1970,,0.54,0.408,-3.35984,0.95502,73,2,,0.54,0.407
116,Senate,20713,82,0,HI,100,,,"HIRONO, Mazie",H001042,1947,,-0.509,-0.091,-58.24191,0.87758,446,29,,-0.567,-0.049
116,Senate,41112,82,0,HI,100,,,"SCHATZ, Brian Emanuel",S001194,1972,,-0.444,-0.074,-70.811,0.85675,458,27,,-0.473,-0.055
116,Senate,29345,63,0,ID,200,,,"CRAPO, Michael Dean",C000880,1951,,0.51,0.292,-24.42593,0.94818,459,11,,0.49,0.662
116,Senate,40902,63,0,ID,200,,,"RISCH, James",R000584,1943,,0.631,0.566,-18.12762,0.96094,455,10,,0.591,0.632
116,Senate,15021,21,0,IL,100,,,"DURBIN, Richard Joseph",D000563,1944,,-0.352,-0.33,-89.70874,0.82106,455,50,,-0.293,-0.096
116,Senate,21325,21,0,IL,100,,,"DUCKWORTH, Tammy",D000622,1968,,-0.334,0.112,-61.47816,0.87042,443,26,,-0.378,0.238
116,Senate,21133,22,0,IN,200,,,"YOUNG, Todd",Y000064,1972,,0.476,-0.027,-59.52659,0.87737,455,29,,0.482,-0.472
116,Senate,41900,22,0,IN,200,,,"BRAUN, Michael",B001310,1954,,0.8,0.6,-29.90346,0.93732,462,14,,0.82,0.573
116,Senate,14226,31,0,IA,200,,,"GRASSLEY, Charles Ernest",G000386,1933,,0.346,-0.065,-49.72864,0.89816,463,18,,0.512,0.12
116,Senate,41502,31,0,IA,200,,,"ERNST, Joni",E000295,1970,,0.531,-0.023,-40.74007,0.91471,457,16,,0.564,-0.089
116,Senate,14852,32,0,KS,200,,,"ROBERTS, Charles Patrick (Pat)",R000307,1936,,0.413,-0.091,-16.17788,0.96341,434,1,,0.34,0.187
116,Senate,29722,32,0,KS,200,,,"MORAN, Jerry",M000934,1954,,0.413,0.202,-70.78981,0.8459,423,24,,0.373,-0.316
116,Senate,14921,51,0,KY,200,,,"McCONNELL, Addison Mitchell (Mitch)",M000355,1942,,0.402,0.003,-41.5166,0.91423,463,11,,0.321,0.134
116,Senate,41104,51,0,KY,200,,,"PAUL, Rand",P000603,1963,,0.878,-0.479,-117.67206,0.75616,421,61,,0.887,-0.463
116,Senate,20919,45,0,LA,200,,,"CASSIDY, Bill",C001075,1957,,0.454,-0.104,-31.28598,0.92919,426,15,,0.504,-0.113
116,Senate,41703,45,0,LA,200,,,"KENNEDY, John Neely",K000393,1951,,0.558,0.281,-42.61643,0.90983,451,20,,0.638,-0.011
116,Senate,41300,2,0,ME,328,,,"KING, Angus Stanley, Jr.",K000383,1944,,-0.155,-0.227,-51.34701,0.89503,463,20,,-0.165,-0.209
116,Senate,49703,2,0,ME,200,,,"COLLINS, Susan Margaret",C001035,1952,,0.112,-0.543,-39.70286,0.91782,463,10,,0.129,-0.418
116,Senate,15408,52,0,MD,100,,,"CARDIN, Benjamin Louis",C000141,1943,,-0.321,-0.232,-75.25512,0.84878,459,30,,-0.274,-0.073
116,Senate,20330,52,0,MD,100,,,"VAN HOLLEN, Christopher",V000128,1959,,-0.389,-0.189,-70.78715,0.85794,462,26,,-0.369,-0.289
116,Senate,14435,3,0,MA,100,,,"MARKEY, Edward John",M000133,1946,,-0.511,-0.449,-55.05743,0.88213,439,17,,-0.611,-0.757
116,Senate,41301,3,0,MA,100,,,"WARREN, Elizabeth",W000817,1949,,-0.767,-0.268,-10.20669,0.95584,226,4,,-0.799,-0.307
116,Senate,20923,23,0,MI,100,,,"PETERS, Gary C.",P000595,1958,,-0.246,-0.201,-82.47048,0.83684,463,40,,-0.307,-0.08
116,Senate,29732,23,0,MI,100,,,"STABENOW, Deborah Ann",S000770,1950,,-0.34,-0.006,-97.79845,0.80697,456,50,,-0.388,-0.167
116,Senate,40700,33,0,MN,100,,,"KLOBUCHAR, Amy",K000367,1960,,-0.276,-0.33,-117.29241,0.66827,291,61,,-0.481,-0.544
116,Senate,41706,33,0,MN,100,,,"SMITH, Tina",S001203,1958,,-0.393,-0.087,-58.99376,0.88037,463,24,,-0.412,-0.073
116,Senate,29534,46,0,MS,200,,,"WICKER, Roger F.",W000437,1951,,0.376,0.352,-21.80927,0.95389,462,7,,0.375,0.196
116,Senate,41707,46,0,MS,200,,,"HYDE-SMITH, Cindy",H001079,1959,,0.367,0.261,-12.76263,0.9724,456,3,,0.35,0.298
116,Senate,29735,34,0,MO,200,,,"BLUNT, Roy",B000575,1950,,0.427,0.28,-22.69034,0.95177,459,8,,0.352,0.15
116,Senate,41901,34,0,MO,200,,,"HAWLEY, Joshua David",H001089,1979,,0.569,-0.328,-40.72141,0.91563,462,21,,0.569,-0.331
116,Senate,21338,64,0,MT,200,,,"DAINES, Steve",D000618,1962,,0.555,-0.099,-41.83394,0.91234,456,25,,0.601,-0.122
116,Senate,40702,64,0,MT,100,,,"TESTER, Jon",T000464,1956,,-0.218,0.138,-59.88647,0.87867,463,23,,-0.252,0.098
116,Senate,41302,35,0,NE,200,,,"FISCHER, Debra (Deb)",F000463,1951,,0.473,0.332,-17.42257,0.96259,457,7,,0.502,0.441
116,Senate,41503,35,0,NE,200,,,"SASSE, Benjamin Eric",S001197,1972,,0.796,-0.243,-29.02741,0.93806,454,12,,0.732,-0.165
116,Senate,21743,65,0,NV,100,,,"ROSEN, Jacklyn Sheryl",R000608,1957,,-0.274,0.281,-45.14619,0.90652,460,12,,-0.306,0.336
116,Senate,41700,65,0,NV,100,,,"CORTEZ MASTO, Catherine Marie",C001113,1964,,-0.37,0.342,-47.39253,0.9021,460,24,,-0.348,0.34
116,Senate,40906,4,0,NH,100,,,"SHAHEEN, Jeanne",S001181,1947,,-0.239,-0.165,-59.34361,0.87946,462,27,,-0.207,-0.062
116,Senate,41702,4,0,NH,100,,,"HASSAN, Margaret (Maggie)",H001076,1958,,-0.241,-0.059,-53.3765,0.89111,463,23,,-0.223,-0.028
116,Senate,29373,12,0,NJ,100,,,"MENENDEZ, Robert",M000639,1954,,-0.366,-0.115,-84.99512,0.83229,463,36,,-0.387,-0.057
116,Senate,41308,12,0,NJ,100,,,"BOOKER, Cory Anthony",B001288,1969,,-0.612,-0.218,-21.57404,0.90011,205,9,,-0.602,-0.41
116,Senate,20930,66,0,NM,100,,,"HEINRICH, Martin",H001046,1971,,-0.322,-0.016,-94.41461,0.81074,450,42,,-0.381,-0.022
116,Senate,29924,66,0,NM,100,,,"UDALL, Thomas (Tom)",U000039,1948,,-0.452,0.17,-61.38141,0.87354,454,25,,-0.431,0.056
116,Senate,14858,13,0,NY,100,,,"SCHUMER, Charles Ellis (Chuck)",S000148,1950,,-0.357,-0.398,-79.023,0.84309,463,37,,-0.409,-0.388
116,Senate,20735,13,0,NY,100,,,"GILLIBRAND, Kirsten",G000555,1966,,-0.473,-0.428,-71.57792,0.82014,361,41,,-0.813,-0.582
116,Senate,29548,47,0,NC,200,,,"BURR, Richard M.",B001135,1955,,0.45,-0.053,-17.01392,0.96039,421,3,,0.341,0.204
116,Senate,41504,47,0,NC,200,,,"TILLIS, Thomas Roland (Thom)",T000476,1960,,0.434,0.071,-27.61699,0.9393,441,14,,0.457,0.33
116,Senate,21350,36,0,ND,200,,,"CRAMER, Kevin",C001096,1961,,0.389,0.299,-13.68497,0.97043,456,5,,0.37,0.3
116,Senate,41107,36,0,ND,200,,,"HOEVEN, John",H001061,1957,,0.343,0.332,-14.98206,0.96789,459,5,,0.364,0.32
116,Senate,29386,24,0,OH,200,,,"PORTMAN, Robert Jones (Rob)",P000449,1955,,0.373,-0.24,-21.56813,0.95429,461,5,,0.308,0.059
116,Senate,29389,24,0,OH,100,,,"BROWN, Sherrod",B000944,1952,,-0.43,-0.12,-96.06131,0.81153,460,42,,-0.382,-0.091
116,Senate,15424,53,0,OK,200,,,"INHOFE, James Mountain",I000024,1934,,0.555,0.041,-35.88228,0.92352,451,21,,0.652,-0.212
116,Senate,21166,53,0,OK,200,,,"LANKFORD, James",L000575,1968,,0.588,0.162,-26.31833,0.94474,463,13,,0.698,0.17
116,Senate,14871,72,0,OR,100,,,"WYDEN, Ronald Lee",W000779,1949,,-0.327,-0.455,-92.67778,0.81535,454,49,,-0.369,-0.57
116,Senate,40908,72,0,OR,100,,,"MERKLEY, Jeff",M001176,1956,,-0.443,-0.737,-65.7274,0.86739,462,24,,-0.408,-0.691
116,Senate,29935,14,0,PA,200,,,"TOOMEY, Patrick Joseph",T000461,1961,,0.647,-0.295,-40.59876,0.91224,442,15,,0.744,-0.256
116,Senate,40703,14,0,PA,100,,,"CASEY, Robert (Bob), Jr.",C001070,1960,,-0.31,0.194,-77.56252,0.84576,463,34,,-0.325,0.215
116,Senate,29142,5,0,RI,100,,,"REED, John F. (Jack)",R000122,1949,,-0.371,-0.199,-79.75977,0.84113,461,44,,-0.326,-0.105
116,Senate,40704,5,0,RI,100,,,"WHITEHOUSE, Sheldon",W000802,1955,,-0.361,-0.138,-90.65791,0.81456,442,47,,-0.297,-0.059
116,Senate,21173,48,0,SC,200,,,"SCOTT, Tim",S001184,1965,,0.643,0.005,-28.98846,0.93854,457,13,,0.582,0.164
116,Senate,29566,48,0,SC,200,,,"GRAHAM, Lindsey O.",G000359,1955,,0.406,-0.169,-21.94032,0.95179,444,5,,0.331,0.023
116,Senate,29754,37,0,SD,200,,,"THUNE, John",T000250,1961,,0.41,0.137,-16.92404,0.96395,461,7,,0.387,0.303
116,Senate,41505,37,0,SD,200,,,"ROUNDS, Marion Michael (Mike)",R000605,1954,,0.396,0.084,-22.6663,0.94722,418,8,,0.407,0.288
116,Senate,20351,54,0,TN,200,,,"BLACKBURN, Marsha",B001243,1952,,0.618,0.133,-31.10391,0.93448,459,13,,0.69,0.301
116,Senate,40304,54,0,TN,200,,,"ALEXANDER, Lamar",A000360,1940,,0.324,-0.175,-23.44563,0.94032,381,8,,0.328,-0.039
116,Senate,40305,49,0,TX,200,,,"CORNYN, John",C001056,1952,,0.495,-0.001,-22.62188,0.9517,457,10,,0.462,0.223
116,Senate,41304,49,0,TX,200,,,"CRUZ, Rafael Edward (Ted)",C001098,1970,,0.817,-0.282,-30.78758,0.93272,442,14,,0.83,-0.123
116,Senate,41110,67,0,UT,200,,,"LEE, Mike",L000577,1971,,0.913,-0.408,-86.62196,0.8263,454,50,,0.885,-0.466
116,Senate,41902,67,0,UT,200,,,"ROMNEY, Willard Mitt (Mitt)",R000615,1947,,0.365,0.699,-53.13405,0.89069,459,22,,0.365,0.699
116,Senate,14307,6,0,VT,100,,,"LEAHY, Patrick Joseph",L000174,1940,,-0.361,-0.129,-86.86377,0.82826,461,49,,-0.283,-0.009
116,Senate,29147,6,0,VT,328,,,"SANDERS, Bernard",S000033,1941,,-0.527,-0.373,-31.96504,0.84288,187,13,,-0.86,-0.077
116,Senate,40909,40,0,VA,100,,,"WARNER, Mark",W000805,1954,,-0.201,-0.047,-50.0231,0.89413,447,16,,-0.226,-0.102
116,Senate,41305,40,0,VA,100,,,"KAINE, Timothy Michael (Tim)",K000384,1958,,-0.239,-0.079,-59.45487,0.87725,454,25,,-0.247,-0.033
116,Senate,39310,73,0,WA,100,,,"CANTWELL, Maria E.",C000127,1958,,-0.301,-0.401,-80.11196,0.83985,459,40,,-0.355,-0.306
116,Senate,49308,73,0,WA,100,,,"MURRAY, Patty",M001111,1950,,-0.35,-0.284,-66.51076,0.86428,456,30,,-0.405,-0.161
116,Senate,20146,56,0,WV,200,,,"CAPITO, Shelley Moore",C001047,1953,,0.263,0.057,-21.24231,0.95389,450,3,,0.323,0.155
116,Senate,40915,56,0,WV,100,,,"MANCHIN, Joe, III",M001183,1947,,-0.055,0.444,-44.94991,0.90671,459,10,,-0.045,0.368
116,Senate,29940,25,0,WI,100,,,"BALDWIN, Tammy",B001230,1962,,-0.498,-0.179,-95.0682,0.81402,462,47,,-0.396,-0.057
116,Senate,41111,25,0,WI,200,,,"JOHNSON, Ron",J000293,1955,,0.603,-0.288,-35.79249,0.92338,449,17,,0.599,-0.057
116,Senate,40707,68,0,WY,200,,,"BARRASSO, John A.",B001261,1952,,0.539,0.237,-22.99352,0.95155,463,14,,0.601,0.231
116,Senate,49706,68,0,WY,200,,,"ENZI, Michael B.",E000285,1944,,0.544,0.192,-34.94596,0.92684,460,13,,0.58,0.336
